Workbook

Sheet Anleitung
A1: waldbau-viz Arbeitsstand-Vorlage
A2: Schemaversion: 1
A4: ANLEITUNG
A6: 1. Wechsle zum Tab "Eingabe" und fülle die Felder aus.
A7: • Dropdown-Felder zeigen einen kleinen Pfeil — wähle einen erlaubten Wert.
A8: • Zahlenfelder werden automatisch validiert (z.B. Prozent muss zwischen 0 und 100 sein).
A9: • Gelb hinterlegte Zellen sind Eingabefelder — ändere KEINE anderen Zellen.
A11: 2. Wechsle zum Tab "CSV-Export".
A12: • Hier wird automatisch das CSV-Format aus deinen Eingaben aufgebaut.
A13: • Markiere alle Zellen in Spalte A (Strg+A oder Klick auf "A" und dann Strg+Shift+End).
A14: • Kopiere mit Strg+C.
A16: 3. Öffne einen Texteditor (Notepad, Notepad++, VS Code, ...).
... A68: layerV = Verjüngung

Sheet Eingabe
A1: waldbau-viz Arbeitsstand — Eingabe
A3: GLOBALE EINSTELLUNGEN
A4: Parameter | B4: Wert | C4: Beschreibung
A5: mode | B5: gleich | C5: Waldtyp: gleich = gleichförmiger Hochwald, ungleich = Plenterwald
A6: density | B6: 220 | C6: Stämme pro Hektar (60–600)
A7: transectY | B7: 50 | C7: Y-Position des Transekts in Metern (5–95)
A8: transectWidth | B8: 10 | C8: Breite des Transekts in Metern (5–15)
A9: seed | B9: 42 | C9: Zufallszahl für reproduzierbare Generierung (1–9999)
A10: age | B10: 0 | C10: Bestandesalter in Jahren — nur relevant wenn timelineOn=true (0–140)
A11: timelineOn | B11: false | C11: Zeitschiene aktiv? (Bei true werden h/cw/kl/ka/bhd aus age berechnet)
A12: showVerjuengung | B12: true | C12: Naturverjüngung anzeigen?
A13: showZBaum | B13: false | C13: Z-Bäume hervorheben?
A14: showTotholz | B14: false | C14: Totholz (stehend + liegend) anzeigen?
A15: showHabitat | B15: false | C15: Habitatbäume markieren?
A16: nHabitat | B16: 5 | C16: Anzahl Habitatbäume pro ha (3–5)
A17: dienerRadius | B17: 10 | C17: Breite des Dienerbaum-Mantels in Metern
A18: mixPatternDefault | B18: einzel | C18: Standard-Mischungsform
A21: BAUMARTEN-EINSTELLUNGEN
A22: Code | B22: Name | C22: on | D22: pct | E22: h | F22: cw | G22: kl | H22: ka | I22: bhd | J22: layerO | K22: layerM | L22: layerU | M22: layerV | N22: habitat | O22: mixPattern | P22: mixOverflow | Q22: diener
A23: Bu | B23: Buche | C23: true | D23: 65 | E23: 35 | F23: 12 | G23: 20 | H23: 15 | I23: 50 | J23: true | K23: false | L23: false | M23: false | N23: false | O23: einzel
A24: Ta | B24: Weisstanne | C24: true | D24: 15 | E24: 40 | F24: 8 | G24: 16 | H24: 24 | I24: 55 | J24: true | K24: false | L24: false | M24: false | N24: false | O24: einzel
A25: Fi | B25: Fichte | C25: true | D25: 10 | E25: 38 | F25: 6 | G25: 13 | H25: 25 | I25: 45 | J25: true | K25: false | L25: false | M25: false | N25: false | O25: einzel
A26: BAh | B26: Ahorn | C26: true | D26: 10 | E26: 30 | F26: 10 | G26: 18 | H26: 12 | I26: 40 | J26: true | K26: false | L26: false | M26: false | N26: false | O26: einzel
A27: Ei | B27: Eiche | C27: false | D27: 0 | E27: 30 | F27: 14 | G27: 18 | H27: 12 | I27: 55 | J27: true | K27: false | L27: false | M27: false | N27: false | O27: einzel
A28: WFoe | B28: Waldfoehre | C28: false | D28: 0 | E28: 28 | F28: 8 | G28: 9 | H28: 19 | I28: 40 | J28: true | K28: false | L28: false | M28: false | N28: false | O28: einzel
A29: Lae | B29: Laerche | C29: false | D29: 0 | E29: 35 | F29: 7 | G29: 12 | H29: 23 | I29: 40 | J29: true | K29: false | L29: false | M29: false | N29: false | O29: einzel
A30: Es | B30: Esche | C30: false | D30: 0 | E30: 32 | F30: 10 | G30: 18 | H30: 14 | I30: 45 | J30: true | K30: false | L30: false | M30: false | N30: false | O30: einzel
A31: Dou | B31: Douglasie | C31: false | D31: 0 | E31: 42 | F31: 7 | G31: 14 | H31: 28 | I31: 55 | J31: true | K31: false | L31: false | M31: false | N31: false | O31: einzel
A32: Li | B32: Linde | C32: false | D32: 0 | E32: 32 | F32: 11 | G32: 18 | H32: 14 | I32: 50 | J32: true | K32: false | L32: false | M32: false | N32: false | O32: einzel
A33: Bi | B33: Birke | C33: false | D33: 0 | E33: 25 | F33: 8 | G33: 14 | H33: 11 | I33: 35 | J33: true | K33: false | L33: false | M33: false | N33: false | O33: einzel

Sheet CSV-Export
A1: # Diese Spalte enthält den fertigen CSV-Inhalt — markieren, kopieren, in Texteditor einfügen, als .csv speichern.
A2: # Tipp: Klicke auf den Spaltenkopf "A", drücke Strg+C, öffne einen Texteditor, drücke Strg+V, speichere als .csv
A3: # waldbau-viz Arbeitsstand (CSV Format)
A4: # Schemaversion: 1
A5: # Erstellt mit waldbau-state_VORLAGE.xlsx
A6: #
A8: ##GLOBALS
A9: key,value
A10: ="mode,"&Eingabe!B5
A11: ="density,"&Eingabe!B6
A12: ="transectY,"&Eingabe!B7
A13: ="transectWidth,"&Eingabe!B8
A14: ="seed,"&Eingabe!B9
A15: ="age,"&Eingabe!B10
A16: ="timelineOn,"&Eingabe!B11
A17: ="showVerjuengung,"&Eingabe!B12
A18: ="showZBaum,"&Eingabe!B13
A19: ="showTotholz,"&Eingabe!B14
A20: ="showHabitat,"&Eingabe!B15
A21: ="nHabitat,"&Eingabe!B16
A22: ="dienerRadius,"&Eingabe!B17
A23: ="mixPatternDefault,"&Eingabe!B18
A25: ##SPECIES
A26: species,on,pct,h,cw,kl,ka,bhd,layerO,layerM,layerU,layerV,habitat,mixPattern,mixOverflow,diener
A27: =Eingabe!A23&","&Eingabe!C23&","&Eingabe!D23&","&Eingabe!E23&","&Eingabe!F23&","&Eingabe!G23&","&Eingabe!H23&","&Eingabe!I23&","&Eingabe!J23&","&Eingabe!K23&","&Eingabe!L23&","&Eingabe!M23&","&Eingabe!N23&","&Eingabe!O23&","&Eingabe!P23&","&Eingabe!Q23
A28: =Eingabe!A24&","&Eingabe!C24&","&Eingabe!D24&","&Eingabe!E24&","&Eingabe!F24&","&Eingabe!G24&","&Eingabe!H24&","&Eingabe!I24&","&Eingabe!J24&","&Eingabe!K24&","&Eingabe!L24&","&Eingabe!M24&","&Eingabe!N24&","&Eingabe!O24&","&Eingabe!P24&","&Eingabe!Q24
A29: =Eingabe!A25&","&Eingabe!C25&","&Eingabe!D25&","&Eingabe!E25&","&Eingabe!F25&","&Eingabe!G25&","&Eingabe!H25&","&Eingabe!I25&","&Eingabe!J25&","&Eingabe!K25&","&Eingabe!L25&","&Eingabe!M25&","&Eingabe!N25&","&Eingabe!O25&","&Eingabe!P25&","&Eingabe!Q25
A30: =Eingabe!A26&","&Eingabe!C26&","&Eingabe!D26&","&Eingabe!E26&","&Eingabe!F26&","&Eingabe!G26&","&Eingabe!H26&","&Eingabe!I26&","&Eingabe!J26&","&Eingabe!K26&","&Eingabe!L26&","&Eingabe!M26&","&Eingabe!N26&","&Eingabe!O26&","&Eingabe!P26&","&Eingabe!Q26
A31: =Eingabe!A27&","&Eingabe!C27&","&Eingabe!D27&","&Eingabe!E27&","&Eingabe!F27&","&Eingabe!G27&","&Eingabe!H27&","&Eingabe!I27&","&Eingabe!J27&","&Eingabe!K27&","&Eingabe!L27&","&Eingabe!M27&","&Eingabe!N27&","&Eingabe!O27&","&Eingabe!P27&","&Eingabe!Q27
A32: =Eingabe!A28&","&Eingabe!C28&","&Eingabe!D28&","&Eingabe!E28&","&Eingabe!F28&","&Eingabe!G28&","&Eingabe!H28&","&Eingabe!I28&","&Eingabe!J28&","&Eingabe!K28&","&Eingabe!L28&","&Eingabe!M28&","&Eingabe!N28&","&Eingabe!O28&","&Eingabe!P28&","&Eingabe!Q28
A33: =Eingabe!A29&","&Eingabe!C29&","&Eingabe!D29&","&Eingabe!E29&","&Eingabe!F29&","&Eingabe!G29&","&Eingabe!H29&","&Eingabe!I29&","&Eingabe!J29&","&Eingabe!K29&","&Eingabe!L29&","&Eingabe!M29&","&Eingabe!N29&","&Eingabe!O29&","&Eingabe!P29&","&Eingabe!Q29
A34: =Eingabe!A30&","&Eingabe!C30&","&Eingabe!D30&","&Eingabe!E30&","&Eingabe!F30&","&Eingabe!G30&","&Eingabe!H30&","&Eingabe!I30&","&Eingabe!J30&","&Eingabe!K30&","&Eingabe!L30&","&Eingabe!M30&","&Eingabe!N30&","&Eingabe!O30&","&Eingabe!P30&","&Eingabe!Q30
A35: =Eingabe!A31&","&Eingabe!C31&","&Eingabe!D31&","&Eingabe!E31&","&Eingabe!F31&","&Eingabe!G31&","&Eingabe!H31&","&Eingabe!I31&","&Eingabe!J31&","&Eingabe!K31&","&Eingabe!L31&","&Eingabe!M31&","&Eingabe!N31&","&Eingabe!O31&","&Eingabe!P31&","&Eingabe!Q31
A36: =Eingabe!A32&","&Eingabe!C32&","&Eingabe!D32&","&Eingabe!E32&","&Eingabe!F32&","&Eingabe!G32&","&Eingabe!H32&","&Eingabe!I32&","&Eingabe!J32&","&Eingabe!K32&","&Eingabe!L32&","&Eingabe!M32&","&Eingabe!N32&","&Eingabe!O32&","&Eingabe!P32&","&Eingabe!Q32
A37: =Eingabe!A33&","&Eingabe!C33&","&Eingabe!D33&","&Eingabe!E33&","&Eingabe!F33&","&Eingabe!G33&","&Eingabe!H33&","&Eingabe!I33&","&Eingabe!J33&","&Eingabe!K33&","&Eingabe!L33&","&Eingabe!M33&","&Eingabe!N33&","&Eingabe!O33&","&Eingabe!P33&","&Eingabe!Q33
